rank,ipeds_id,institution,fy2016_endowment_thousands,fy2016_endowment_pc
1,166027,Harvard University,34541893,1463887.65
2,130794,Yale University,25408600,2066579.911
3,229090,The University of Texas System,24203213,
4,243744,Stanford University,22398130,1384423.727
5,186131,Princeton University,22152580,2750278.927
6,166683,Massachusetts Institute of Technology,13181515,1173672.425
7,215062,University of Pennsylvania,10715364,472722.7434
8,228732,The Texas A&M University System and Foundationsi,10539526,
9,170976,University of Michigan,9743461,232210.1621
10,147767,Northwestern University,9648497,516653.1191
11,190150,Columbia University,9041027,360986.4912
12,152080,University of Notre Dame,8374083,687602.6111
13,124557,University of California,8341073,
14,144050,The University of Chicago,7001204,507934.8021
15,198419,Duke University,6839780,442704.2071
16,179867,Washington University in St. Louis,6461717,484435.001
17,139658,Emory University,6401650,498131.1926
18,234076,University of Virginia,5852309,260577.4522
19,190415,Cornell University,5757722,263559.5532
20,227757,Rice University,5324289,812331.1295
21,123961,University of Southern California,4608714,117171.6879
22,182670,Dartmouth College,4474404,713166.0822
23,221999,Vanderbilt University,3822187,316922.1691
24,214777,The Pennsylvania State University,3602312,78239.12776
25,204796,The Ohio State University,3578562,66839.45237
26,215293,University of Pittsburgh,3524904,132886.5376
27,193900,New York Universityii,3487702,79518.36511
28,162928,Johns Hopkins University,3381281,201674.8777
29,174066,University of Minnesota & Foundationiii,3280681,76641.87484
30,236948,University of Washington,2968013,70918.00341
31,217156,Brown University,2963366,326290.0242
32,199120,University of North Carolina at Chapel Hill and Foundations,2889679,112258.3264
33,240444,University of Wisconsin Foundation,2419161,60795.15983
34,145637,University of Illinois & Foundationiv,2290995,53133.14625
35,168342,The President and Trustees of Williams College,2256160,1050843.037
36,243780,Purdue University,2254541,61191.53729
37,171100,Board of Trustees of Michigan State University,2224751,48158.25817
38,233374,University of Richmond,2189546,581449.7654
39,110404,California Institute of Technology,2106724,934245.6763
40,164924,Trustees of Boston College,2064300,152941.3217
41,164465,Amherst College,2031843,1131945.961
42,151351,Indiana University and Foundation,1986646,47863.29907
43,121345,Pomona College,1984931,1199354.079
44,195030,University of Rochester,1927573,192468.5971
45,195049,The Rockefeller University,1927404,9222028.708
46,139755,Georgia Institute of Technology and Related Foundations,1843764,86270.07299
47,110662,The UCLA Foundation,1803671,44027.05408
48,168218,Wellesley College,1784479,743739.511
49,216287,Swarthmore College,1746962,1109651.916
50,211440,Carnegie Mellon Universityv,1708618,140269.1076
51,201645,Case Western Reserve University,1662739,157059.7292
52,164988,Trustees of Boston University,1654531,58980.85698
52,,University of Toronto#,1639348,
53,153384,Grinnell College,1648783,982393.0487
54,167835,Smith College,1627469,579582.9772
55,110635,UC Berkeley Foundation,1585935,43209.95559
56,131469,The George Washington University,1570278,76486.99464
57,168148,Tufts University,1562968,148868.2732
58,234030,Virginia Commonwealth University,1559874,57444.04891
59,207500,University of Oklahoma,1520354,65455.38303
60,131496,Georgetown University,1483502,92902.74502
61,155317,The Kansas University Endowment Association,1475158,60332.838
62,181464,University of Nebraska,1475090,64905.69082
63,234207,Washington and Lee University,1472485,678564.5161
64,134130,University of Florida Foundation Inc.,1461347,32250.06069
65,178439,University of Missouri System,1459991,
66,228875,Texas Christian University,1435899,143499.0173
67,228246,Southern Methodist University,1383981,141400.504
68,161004,Bowdoin College,1339981,746230.3694
69,130943,University of Delaware,1261790,59168.59447
70,153658,University of Iowa and University of Iowa Foundation,1259309,47174.55422
71,100733,The University of Alabama System,1220781,
72,160755,Tulane University,1171314,106531.5143
73,201885,University of Cincinnati,1165522,39251.0945
74,213543,Lehigh University,1162711,179117.4386
75,196413,Syracuse University,1156828,57409.86915
76,223232,Baylor University,1144280,70025.09026
76,,University of British Columbia#,1141520,
77,199847,Wake Forest University,1141211,150403.4178
78,110699,University of California San Francisco Foundation,1138815,366532.0245
79,229115,Texas Tech University System,1126429,34981.90495
80,157085,University of Kentucky,1117852,40107.10997
80,,McGill University#,1121053,
81,221722,The University of Tennessee,1099634,
82,229267,Trinity University,1084908,455971.4206
83,186380,Rutgers the State University of New Jersey,1083665,24318.14102
84,232557,Liberty University (Added March 2017),1082996,20785.00966
85,230764,The University of Utah,1076649,41701.48733
86,223223,Baylor College of Medicine,1063678,677501.9108
87,128300,University of Colorado Foundation,1062664,
88,179159,Saint Louis University,1053035,81167.10773
89,156295,Berea College,1050680,653001.8645
90,139959,The University of Georgia and Related Foundations,1016732,30133.72587
91,230959,Middlebury College,1000598,395493.2806
92,199193,NC State University and Related Foundations,998600,34218.5519
93,186122,Princeton Theological Seminary,995553,1878401.887
94,164146,The University System of Maryland Foundation Inc,968861,
95,207971,The University of Tulsa,957523,220746.1001
96,139144,Berry College Inc.,935907,431890.6322
97,197133,Vassar College,928812,382909.9904
98,236939,Washington State University,907828,34201.73302
99,108056,University of Arkansas - Fayetteville,898908,
99,,Carnegie Institution of Washington,908772,
100,165015,Brandeis University,866778,160951.5969
101,207388,Oklahoma State University Foundation,847004,38304.01881
101,,University of Alberta#,906250,
102,135726,University of Miami,844643,53225.97517
103,233921,Virginia Tech Foundation,842991,27406.3201
104,122931,Santa Clara University,840706,108329.0954
105,190099,Colgate University,821675,288813.7083
106,191515,Hamilton College,817210,437712.9084
107,231624,College of William & Mary and Foundations,803698,99352.81029
108,211273,Bryn Mawr College,797121,485654.5491
109,117636,Loma Linda University,784235,201810.3448
110,159638,LSU Systemvi,781833,
111,190372,The Cooper Union,781491,823199.7893
112,121150,Pepperdine University,781341,124961.2432
113,204501,Oberlin College,770271,264002.3992
114,130697,Wesleyan University,770121,254165.3465
115,153603,Iowa State University and Foundation,760461,22652.54389
116,209551,University of Oregon Foundation,758692,33807.79514
117,104179,University of Arizona and University of Arizona Foundation,754651,19549.02469
118,239169,The Medical College of Wisconsin Inc.,748862,685980.458
119,195003,Rochester Institute of Technology,745007,48035.01042
120,229407,University of Houston System & Foundations,741825,
121,173258,Carleton College,738136,368576.5646
122,166665,University of Massachusetts Foundation Inc.,734166,
123,213385,Lafayette College,733244,292712.1756
124,211291,Bucknell University,722425,201064.57
125,202523,Denison University,716180,317925.4217
126,157289,University of Louisville Foundation Inc. (Revised February 2017),715689,39949.89208
127,161086,The President and Trustees of Colby College,710659,382691.9763
127,,Queen's University at Kingston#,723698,
128,112260,Claremont McKenna College,709106,525912.979
129,173902,Macalester College,700189,325770.3164
130,167358,Northeastern University,693025,35857.2488
131,131520,Howard University Endowment Fund,685775,73334.46211
132,126678,Colorado College,683225,323037.8251
133,166124,College of the Holy Cross,680993,251443.5692
134,166939,Mount Holyoke College,667595,309214.9143
135,148016,The Principia Corporation,664951,1462502.199
136,198385,Davidson College,661926,371034.7534
137,218663,University of South Carolina and Affilated Foundations,655469,21234.1209
138,183327,University System of New Hampshire & Foundationvii,651335,
139,212054,Drexel University,650252,30937.37214
140,100858,Auburn University and Foundation,646624,26531.06665
141,195809,St. John's University New York,643376,39973.65642
142,194824,Rensselaer Polytechnic Institute,634916,91927.99228
142,,Okahoma State Regents for Higher Education,652180,
143,197708,Yeshiva University,632856,114578.6361
144,217882,Clemson University and Foundation,621294,29609.86846
145,191241,Fordham University,614871,45917.87812
146,150400,DePauw University,614568,274238.2865
147,104151,Arizona State University & Foundation,612590,12780.39723
148,218070,Furman University,609731,221989.4417
149,127060,University of Denver (Colorado Seminary),607368,62703.60301
150,176017,University of Mississippi Foundation,602879,28022.63642
151,196088,University at Buffalo Foundation Inc.,600961,22681.19716
152,134097,Florida State University Foundation,584529,15785.5664
153,131159,American University,576919,50725.58617
154,209490,Oregon Health and Science University Foundationviii,570485,275907.6253
155,216597,Villanova University,551036,63403.06064
156,239105,Marquette University,550106,52058.8625
157,119605,National University,545681,47384.59535
158,148511,Rush University Medical Center,538823,302313.2598
159,110680,UC San Diego Foundation,536134,16629.81038
160,146719,Loyola University of Chicago,535117,36565.8611
161,130590,Trinity College,524259,233731.1636
162,238032,West Virginia University Foundation Inc.,511384,19393.13344
163,110653,University of California Irvine Foundation,498171,16434.05542
164,209922,Reed College,496553,351251.8274
165,216339,Temple University,494187,14449.77144
166,209542,Oregon State University Foundation,492546,20035.22616
167,204857,Ohio University and The Ohio University Foundation,481777,20776.69805
168,237057,Whitman College,477772,331019.8614
168,,American University of Beirut,520444,
169,155399,Kansas State University Foundation,475617,22027.46388
170,202480,University of Dayton,473122,45358.74984
170,,McMaster University#,510408,
171,212911,Haverford College,471744,382598.5401
172,168421,Worcester Polytechnic Institute,466320,84749.50021
173,122436,University of San Diego,449795,60731.13101
173,,The American University in Cairo,495307,
174,181002,Creighton University,448457,61133.77562
175,204024,Miami University Foundation,446795,25191.41858
176,174844,St. Olaf College,446152,147797.7032
177,176080,Mississippi State University & Foundation,444485,23551.36968
178,234085,VMI Foundation Inc,436139,254012.2306
179,174914,University of St. Thomas (MN),429199,53123.07121
180,144740,DePaul University,420056,20633.12321
181,178697,College of the Ozarks,416232,290191.9591
182,191649,Hofstra University,415732,42363.99457
183,117946,Loyola Marymount University (CA),413724,47884.72222
184,135717,Miami Dade College,409362,10988.20729
185,137351,University of South Florida Foundation Inc.,395324,11551.18777
186,187985,University of New Mexico Foundation,393240,17721.22996
187,206084,The University of Toledo and The University of Toledo Foundation,393225,22775.84709
187,,Whitehead Institute for Biomedical Research,437671,
188,149781,Wheaton College (IL),388033,141154.2379
188,,The University of Western Ontario#,437448,
189,130226,Quinnipiac University,387964,45150.59353
190,196866,Union College,385195,171936.4678
191,150455,Earlham College,384132,369002.8818
191,,National Academy of Sciences,424878,
192,212009,Dickinson College,381020,158714.246
192,,Lebanese American University,422321,
193,129020,University of Connecticut and Foundations,377171,15192.37637
193,,University of Wyoming Foundation,422282,
194,120883,University of the Pacific,373101,64494.55488
195,165334,Clark University,371874,113711.3444
196,120254,Occidental College,371680,185130.3337
197,240435,University of Wisconsin System,362650,
197,,Dalhousie University#,413734,
198,221519,The University of the South,357773,201941.4864
199,441982,Franklin W. Olin College of Engineering,352460,1003206.831
200,222178,Abilene Christian Universityix,352007,85549.33571
201,141060,Spelman College,346787,164509.962
202,172699,Western Michigan University Foundation,345458,18311.46527
203,164580,Babson College,344492,126141.3402
204,136950,Rollins College,337391,115150.5119
205,152673,Wabash College,327126,377162.9516
206,195526,Skidmore College,326934,124942.9299
207,110644,The UC Davis Foundation,325497,9500.788091
208,230728,Utah State University,325287,15003.09022
209,193654,The New School,322316,35100.47916
210,221351,Rhodes College,318053,154870.8002
211,131283,The Catholic University of America,314956,60915.9951
212,164748,Berklee College of Music,313462,66444.28743
213,218335,Medical University of South Carolina Foundation,312002,109193.4204
213,,Michigan State University Foundation,361090,
214,236328,The University of Puget Sound,310361,114271.3549
215,129242,Fairfield University,310278,68584.88064
215,,University of South Alabama Foundation,353404,
216,212577,Franklin & Marshall College,305566,137168.6368
217,215123,Philadelphia College of Osteopathic Medicine,304147,116665.5159
218,217493,Rhode Island School of Design,303436,122303.9097
219,182290,University of Nevada Reno and Related Foundationsx,302698,17006.14255
220,111948,Chapman Universityxi,301524,38807.84246
221,164243,Wayne State University,301470,
222,122612,University of San Francisco,300350,29715.06777
223,123165,Scripps College,295782,299880.365
224,189097,Barnard College,286761,113643.7252
225,126818,Colorado State University Foundation,286348,10950.4895
226,103529,University of Alaska Foundation,285257,
227,239017,Lawrence University of Wisconsin,283476,185399.6076
228,163286,University of Maryland College Park Foundation Inc.,280322,7998.383139
228,,Simon Fraser University#,317550,
229,212106,Duquesne University of the Holy Spirit,280034,31632.72837
230,212674,Gettysburg College,276783,113606.3757
231,110705,UC Santa Barbara Foundation,273679,11822.15727
232,128902,Connecticut College,273576,145570.7698
232,,Brookings Institution,311060,
233,115409,Harvey Mudd College,272636,333160.0815
234,143358,Bradley University,271616,55296.41694
235,141963,University of Hawaii Foundation,271180,
235,,University of Victoria Foundation#,308444,
236,156408,Centre College of Kentucky,269770,197826.9372
237,195216,St. Lawrence University,267593,110697.6007
238,191968,Ithaca College,267389,40263.36395
239,196468,Teacher's College Columbia University,265747,78747.6294
240,206589,The College of Wooster,262616,129070.7733
241,196097,SUNY Stony Brook Foundation,262191,11675.07273
242,232265,Hampton University,253814,64908.53295
243,160977,Bates College,250976,140053.5714
244,126775,Colorado School of Mines Foundation,247459,43408.7826
245,214175,Muhlenberg College,246967,105676.9362
246,217864,The Citadel,245031,83933.88902
247,159656,Loyola University New Orleans,243814,71145.0248
248,186584,Seton Hall University,242675,30133.4851
249,164739,Bentley University,241944,47266.99661
250,228343,Southwestern University,239943,159430.5648
251,217235,Johnson & Wales University,238944,26533.60971
251,,American Society for Technion-Israel Institute of Technology,273983,
252,142285,University of Idaho Foundation,237528,24782.08249
253,199148,University of North Carolina at Greensboro Investment Fund,235021,14246.86294
254,182281,University of Nevada Las Vegas (UNLV) Foundation,230786,10075.05821
255,200280,University of North Dakota Foundation,230656,18862.42333
256,156125,Wichita State University Foundation,229250,19957.92223
257,210401,Willamette Universityxii,226919,86786.97093
258,206695,Youngstown State University Foundation,223381,21634.26524
259,138600,Agnes Scott College,223094,252178.5983
260,122409,San Diego State University,219994,7156.603774
261,188030,New Mexico State University and New Mexico State Foundation,214778,16334.58399
262,145725,Illinois Institute of Technology,212165,30381.62291
263,209056,Lewis & Clark College,211996,64501.82556
264,140401,Medical College of Georgia Foundation Inc.,210595,
265,219471,University of South Dakota Foundation,209019,27902.68322
266,203535,Kenyon College,208851,122637.111
267,170532,Kalamazoo College,206774,143892.8323
268,145646,Illinois Wesleyan University,206669,112769.5526
269,137546,Stetson University Inc.,205993,49469.98079
270,232982,Old Dominion Universityxiii,205787,10535.88982
271,152600,Valparaiso University,204706,48755.00159
272,204909,Ohio Wesleyan University,203137,122347.1191
273,215770,Saint Joseph's University,202181,31962.00664
274,162654,Goucher College,201482,113895.9864
275,198516,Elon University,201431,31260.30728
275,,West Point Association of Graduates,233239,
276,242671,Inter American University of Puerto Rico,201319,
277,133669,Florida Atlantic University Foundation Inc.,194755,8767.481993
278,220862,The University of Memphis,193753,11954.89603
279,164216,Washington College,193532,137354.1519
280,163046,Loyola University Maryland Inc.,192806,37859.53659
280,,RAND Corporation,226214,
281,193016,Mercy College,192479,23152.119
282,153269,Drake University,192173,44221.75347
283,139348,Columbia Theological Seminary,191785,1221560.51
284,110422,California Polytechnic State University Foundation,190331,9374.679845
285,200800,The University of Akron Foundation,188570,9669.429963
286,203368,John Carroll University,187663,55957.55889
287,170301,Hope College,185869,56598.35566
288,191630,Hobart and William Smith Colleges,185780,80715.42361
288,,University of New Brunswick#,209257,
289,152318,Rose-Hulman Institute of Technology,185327,80158.73702
290,107080,Hendrix College,185257,139081.8318
291,168281,Wheaton College (MA),184806,117163.5672
292,213668,Lycoming College,183383,143679.5508
293,167783,Simmons College,183163,48023.85947
294,150136,Ball State University Foundation,182399,10243.6819
295,168005,Suffolk University,181636,26544.62198
295,210669,Allegheny College,181636,95413.76291
297,199139,University of North Carolina at Charlotte,181496,7525.64581
298,235316,Gonzaga University,181365,29194.34458
299,161253,University of Maine Foundation,179887,18782.57692
300,167996,Stonehill College Inc.,178738,74973.99329
301,190044,Clarkson University,177099,47539.10165
302,133951,Florida International University Foundation Inc.,174061,4603.73283
303,150163,Butler University,173971,38548.85885
304,184782,Rowan University Foundation,173209,12292.7539
305,166452,Lesley University,172728,53316.59636
306,102094,University of  South Alabama,172606,11994.02404
307,218973,Wofford College,172367,104380.5006
308,184348,Drew University,172215,94554.35578
309,118888,Mills College,170989,132242.0727
310,228149,St. Mary's University of San Antonio Texas,168765,51125.41654
311,157818,Transylvania University,168687,160807.4357
312,112251,Claremont Graduate University,168662,97080.967
313,180489,University of Montana Foundation,167307,15328.64036
314,198464,East Carolina University,166732,6949.965959
315,168546,Albion College,166560,122051.7831
316,243133,The University of Scranton,164998,36544.40753
317,123554,Saint Mary's College of California,164995,46556.15124
318,228459,Texas State University,164749,5048.642961
319,204635,Ohio Northern Universityxiv,164577,53748.20379
320,131450,Gallaudet University,164555,123880.803
321,232308,Hollins University,160818,225025.1866
322,152390,Saint Mary's College Notre Dame IN,160618,99742.08238
323,188429,Adelphi University,159396,25695.21762
324,174792,Saint John's University,159304,88518.61456
325,186867,Stevens Institute of Technology,158676,28775.19192
325,,Carleton University#,178670,
326,217165,Bryant University,158600,44617.40435
327,192323,Le Moyne College,157569,52511.33082
328,121691,University of Redlands,152892,33793.26604
329,194310,Pace University,152186,14139.73799
330,163976,St. John's College (MD),152004,342608.565
331,194578,Pratt Institute,150985,32657.17376
332,206622,Xavier University,150899,28644.4571
333,200332,North Dakota State University Foundation & Alumni Association,150410,11910.83307
334,177065,Columbia College,149058,14265.28854
335,201195,Baldwin Wallace University,148999,41190.2875
336,153834,Luther College,148873,64326.51592
337,151801,Indiana Wesleyan University,146838,10794.79514
338,132903,The University of Central Florida,146416,3009.310579
339,110556,California State University Fresno Foundation,146328,6733.503083
340,156082,Washburn University Foundation,146190,29007.87089
341,129525,University of Hartford,145522,24844.41156
342,232256,Hampden-Sydney College,145388,133833.6913
343,105330,Northern Arizona University,143909,5876.955119
344,173647,Gustavus Adolphus College,142791,60650.29024
345,220792,Meharry Medical College,142703,172138.7214
346,238333,Beloit College,142487,108217.9747
347,179265,St. Louis College of Pharmacy,141884,102988.6281
348,216278,Susquehanna University,141624,66025.17483
349,130253,Sacred Heart University Inc.,141362,22022.4334
350,143084,Augustana College,140715,57062.0438
351,139940,Georgia State University Foundation Inc.,140677,5286.35669
352,227216,University of North Texas & Foundation,139889,4497.026393
353,233295,Randolph-Macon College,139819,99870.71429
354,156222,Asbury Theological Seminary,138702,140291.9757
355,180461,Montana State University Foundation Inc.,138207,10462.82931
356,150756,Hanover College,136171,120612.0461
357,145691,Illinois College,134885,141934.409
358,111081,California Institute of the Arts,134148,93158.33333
359,192457,Long Island University,132793,
360,169248,Central Michigan University,130622,5905.420679
361,213996,Messiah College,129753,43884.8929
362,110671,UC Riverside Foundation,129185,6129.580717
363,233426,Roanoke College,127880,65189.46474
364,237066,Whitworth University,127379,51487.06548
365,153001,Buena Vista University,127326,66430.95652
366,154235,St. Ambrose University,127271,44625.17532
367,121257,Pitzer College,126965,121342.7843
368,204185,University of Mount Union,126881,58551.45362
369,216667,Washington & Jefferson College,126089,93769.70749
370,165671,Emmanuel College,125652,65228.58626
371,122755,San Jose State University and Tower Foundation,125627,4501.953055
372,222983,Austin College,125620,100737.7706
373,157951,Western Kentucky University and Foundations,125537,7777.523078
374,217484,University of Rhode Island Foundation,124629,8332.857875
375,225627,University of the Incarnate Word,124106,19201.54719
376,146427,Knox College,123722,89805.46818
377,110097,Biola University,123651,22999.132
378,216524,Ursinus College,123307,75386.38679
379,183239,Saint Anselm College,122872,64862.92451
380,119173,Mount Saint Mary's University,122465,42205.05457
381,179894,Webster University,120330,14355.76235
381,,Mennonite Education Agency Investment Fund LLC,136986,
382,107044,Harding University Inc.,119042,22958.91996
383,207403,Oklahoma Baptist University,116709,61555.37975
384,191931,Iona College,116406,32756.58944
385,149222,Southern Illinois University Foundation,116196,7710.076971
386,173300,Concordia College (MN),116126,54205.38354
387,223001,Austin Presbyterian Theological Seminary,115372,1033182.09
388,147244,Millikin University,115224,55183.90805
389,133650,Florida A&M University,113117,12610.59086
390,221740,University of Chattanooga Foundation Inc.,112948,11247.93361
391,133553,Embry-Riddle Aeronautical University,111342,20357.50853
392,213251,Juniata College,110955,71939.70175
393,203517,Kent State University Foundation,110747,4369.464866
394,230782,Weber State University,110603,6849.755373
395,189705,Canisius College,110515,33234.26223
395,,Mount Allison University#,126546,
396,237525,The Marshall University Foundation Inc,110425,9774.142153
397,168591,Alma College,109946,81341.06042
398,220075,East Tennessee State University,109731,8907.219005
399,190503,The Culinary Institute of America,109685,38364.81287
400,164270,McDaniel College,109516,50694.0287
401,216807,Westminster College (Pennsylvania),109425,93259.94318
402,181020,Doane University,108388,103063.0745
403,219709,Belmont University,108061,15792.235
404,154095,University of Northern Iowa Foundation,107559,10289.77327
405,188641,Alfred University,105846,51248.87024
406,219356,South Dakota State University,104704,10213.0316
407,151290,Indiana Institute of Technology Inc.,102653,18491.59361
408,214157,Moravian College,102415,52709.72723
409,170082,Grand Valley State University,102220,4584.74741
410,209065,Linfield College,101629,60661.95782
411,107141,John Brown University,101476,49077.54312
412,199412,Queens University of Charlotte,101038,58788.59581
413,150668,Goshen College,100965,132906.9767
414,239716,St. Norbert College,99575,47356.53139
415,177117,Cottey College,99382,311217.119
416,206525,Wittenberg University,98716,54882.8762
417,145813,Illinois State University Foundation,98274,5141.64632
418,185828,New Jersey Institute of Technology,98006,10579.6121
419,147341,Monmouth College,97976,82726.70982
420,153278,University of Dubuque,97834,50094.21403
421,171128,Michigan Technological University,97633,14606.97187
422,147660,North Central College,97478,35182.14629
423,198835,Lenoir-Rhyne University,97184,52296.32287
424,102368,Troy University Foundation,97162,7678.969414
425,232609,Lynchburg College,96521,39557.78689
426,227881,Sam Houston State University,96512,5841.070024
427,136172,University of North Florida,96455,7939.336571
428,196079,The Foundation of the State University of New York at Binghamton,96307,6129.128747
429,150215,Christian Theological Seminary Inc.,95154,743390.625
430,164562,Assumption College,93937,40172.63008
431,198950,Meredith College,93091,51308.65332
432,107558,University of the Ozarks,92603,144918.6228
433,110413,California Lutheran University,91724,23957.16524
434,110608,California State University Northridge,91653,2583.229989
435,151263,University of Indianapolis,91052,20360.46512
436,125763,Whittier College,90656,44446.47818
437,227845,St. Edward's University,90590,22493.79242
438,195304,Sarah Lawrence College,89955,56374.55609
439,157447,Northern Kentucky University Foundation Inc.,89782,7757.437862
440,157298,Louisville Presbyterian Theological Seminary,89042,702963.1579
441,142115,Boise State University Foundation Inc.,88854,5558.006672
442,197869,Appalachian State University and Foundation,88738,5285.169744
443,218539,Presbyterian College,88498,66656.79136
444,193973,Niagara University,87283,24093.57748
445,211556,Chatham University,86995,49654.68037
446,228981,Texas Lutheran University,86843,65873.32491
447,171492,Northwood University,86516,35854.1235
448,220978,Middle Tennessee State University,86260,4585.6148
449,173896,Luther Seminary,85903,247321.4971
450,238476,Carthage College,85636,30922.96582
451,110529,California State Polytechnic University Pomona,85625,3999.361659
452,146481,Lake Forest College,85271,54105.96447
453,206604,Wright State University Foundation Inc.,84685,6304.407167
454,236577,Seattle Pacific University,84585,22786.90733
455,145275,Garrett-Evangelical Theological Seminary,84432,349373.7931
456,168227,Wentworth Institute of Technology Inc.,84113,20087.48607
457,196307,SUNY Upstate Medical University,83688,63367.99596
458,176372,The University of Southern Mississippi Foundation,83296,6572.367902
459,231059,Saint Michael's College,83022,38874.04401
460,177214,Drury University,82868,27876.65396
461,231970,Eastern Virginia Medical School Foundation,82644,78808.6459
462,173665,Trustees of the Hamline University of Minnesota,82266,27120.65934
463,213367,LaSalle University,81634,18739.15372
464,199218,University of North Carolina Wilmington,81575,6195.255936
465,148487,Roosevelt University,81481,19348.02913
466,146977,McCormick Theological Seminary,81397,534334.7921
466,,St. Francis Xavier University#,89807,
467,152530,Taylor University,81113,40842.39678
468,227863,University of St. Thomas (TX),81018,36206.46507
469,162760,Hood College of Frederick MD,80900,48764.31585
470,109651,ArtCenter College of Design,80805,42671.18465
471,216852,Widener University,80739,19206.80358
472,150604,Franklin College,80617,77590.95284
473,232423,James Madison University Foundation Inc.,79977,3977.701885
474,163295,Maryland Institute College of Art,79765,38552.44079
475,202806,Franklin University,79713,26118.28309
476,150534,University of Evansville,79463,33590.1085
477,192703,Manhattan College,79431,21138.38375
478,231581,Bridgewater College,79424,43480.29197
479,217518,Roger Williams University,79246,18174.2986
480,154350,Simpson College,78600,51665.20596
481,450304,Brite Divinity School,78107,410369.5271
482,185572,Monmouth University,77882,13934.04103
483,155025,Emporia State University Foundation,77552,16331.32107
484,198613,Guilford College,76940,45934.32836
485,127741,University of Northern Colorado Foundation Inc.,76855,7549.112697
486,239628,Ripon College,76721,97361.67513
487,197197,Wagner College,76369,37862.66733
488,171571,Oakland University,75673,4594.503248
489,169983,Kettering University,75432,38775.87389
490,125727,Westmont College,74984,57902.7027
491,144892,Eastern Illinois University Foundation,74198,9963.029272
492,136330,Palm Beach Atlantic University,74082,21506.28992
493,193830,New York Medical College,73778,58647.05882
494,172051,Saginaw Valley State University Foundation,73289,8888.902365
495,226587,McMurry University,72642,75537.60832
496,122597,San Francisco State University Foundation,72207,2748.927692
497,184603,Fairleigh Dickinson University,72099,13123.22534
498,147679,North Park University,72046,30275.66886
499,219000,Augustana University,72026,44378.31177
500,204264,Muskingum University,71950,38551.52706
501,232186,George Mason University Foundation Inc.,71566,2713.814417
502,201548,Capital University,71503,22837.11274
503,153108,Central College,71347,57322.17461
504,195173,St. Francis College,71009,28252.91777
505,153162,Cornell College,70926,68571.7048
506,203845,Marietta College,70671,55054.01194
507,217961,Converse College,70303,74473.51695
508,212197,Elizabethtown College,69682,38555.1457
509,179566,Missouri State University Foundation,69464,3818.87152
510,132709,Broward College Foundation Inc.,69239,3011.264135
511,210739,DeSales University,69226,28410.12312
512,155061,Fort Hays State University Foundation,69022,7728.073449
513,237011,Western Washington University Foundation,68822,4764.966536
514,219976,Lipscomb University,68798,17417.21519
515,174899,College of St. Scholastica,68764,18913.72513
516,230807,Westminster College (UT),68661,26575.02258
517,240268,University of Wisconsin - Eau Claire Foundation Inc.,67490,6907.409934
518,191533,Hartwick College,67472,49405.90676
519,165699,Endicott College,67162,18298.61048
520,213321,King's College,67012,33010.83744
521,200004,Western Carolina University,66676,7528.906956
522,147703,Northern Illinois University Foundation,66508,3895.431472
523,169798,Eastern Michigan University Foundation,66218,3968.793703
524,108092,University of Arkansas Fort Smith Foundation Inc.,66217,12404.83327
525,169910,Ferris Foundation,65226,5618.894472
526,157401,Murray State University,64861,7254.063525
527,133711,Flagler College Inc,64711,24558.25427
528,155681,Pittsburg State University Foundation Inc.,64555,10250.07939
529,132851,College of Central Florida Foundation Inc.,64171,14409.65569
530,138187,Valencia College Foundation,63658,2488.974038
531,210571,Albright College,63008,28191.49888
532,211088,Arcadia University,62893,19327.90412
533,185590,Montclair State University Foundation,62842,3610.433384
534,127185,Florida Institute of Technology,62703,17927.09425
535,440031,Keck Graduate Institute of Applied Life Sciences,62333,149003.1873
536,134079,Florida Southern College,62223,23365.75291
537,196219,Purchase College Foundation,61150,15680.82742
538,197221,Webb Institute,60303,662670.3297
539,233541,Shenandoah University,60294,18952.43085
540,174747,College of Saint Benedict,60290,31200.62101
541,213507,Lebanon Valley College,60271,33987.40602
542,167899,Springfield College,60222,19584.39024
543,242060,Sistema Universitario Ana G Mendez,60187,
544,138354,The University of West Florida Foundation Inc.,60043,6371.060729
545,209612,Pacific University,59902,16298.38563
546,193584,Nazareth College,59594,23483.77775
547,196060,University at Albany Foundation,59273,3860.594876
548,213020,Indiana University of Pennsylvania & Foundationxv,59136,4723.196933
549,229179,Texas Woman's University,58717,5331.769478
550,195164,St. Bonaventure University,57944,30930.96085
551,156620,Eastern Kentucky University Foundation,57903,4222.386971
552,217013,Wilson College,57811,95555.3719
553,234933,Clark College Foundation,57665,8419.477296
554,212601,Gannon University,56566,15452.37662
555,110583,California State University Long Beach,56442,1708.224043
556,186283,Rider University,56251,12869.1375
557,151777,Manchester University,55819,36610.62527
558,146612,Lewis University,55131,10985.9183
559,243665,Foundation for the University of the Virgin Islands (FUVI),54968,30385.84854
560,106458,Arkansas State University System Foundation Inc.,54910,5589.372964
561,217536,Salve Regina University,53951,22754.53395
562,110538,The University Foundation California State University Chico,53938,3327.315348
563,127918,Regis University,53345,8539.298863
564,110565,Cal State Fullerton Philanthropic Foundation,53113,1614.998682
565,221847,Tennessee Tech University,52931,5471.092889
566,151324,Indiana State University Foundation Inc.,52713,4533.541655
567,234173,Virginia Wesleyan College,52577,37906.99351
568,139366,Columbus State University Foundation Inc.,52359,8128.596564
569,199865,Warren Wilson College,52102,64803.48259
570,238458,Carroll University,51973,16306.10751
571,232566,Longwood University Foundation Inc,51458,11275.5825
572,225548,Howard Payne University,51403,49441.80827
573,133492,Eckerd College,51282,26816.45459
574,181446,Nebraska Wesleyan University,51146,29811.15213
575,173920,Minnesota State University Mankato,51018,3938.0934
576,156286,Bellarmine University,50543,16134.17748
577,115083,Golden Gate University,50252,32123.58832
578,221838,Tennessee State University Foundation,50246,6617.991834
579,166850,Merrimack College,49914,14465.03091
580,157854,Kentucky Community and Technical College System,49766,
581,193751,New York Chiropractic College,49323,64000.43253
582,154174,Palmer College of Chiropractic   ,49299,22422.22559
582,,University of Northern British Columbia#,56945,
583,198695,High Point University,49051,10878.46529
584,140234,LaGrange College,49012,50389.30775
585,184773,Georgian Court University,48966,29772.5983
585,220215,Freed-Hardeman University,48966,33055.35554
587,196185,State University College at Oneonta Foundation,48837,8198.254155
588,229063,Texas Southern University,48163,6012.108351
589,199102,North Carolina A&T State University and Foundation,48074,4863.492278
590,174127,Minneapolis College of Art and Design,47917,64752.7027
591,153366,Graceland University,47723,25824.1342
592,216931,Wilkes University,47608,13569.97625
593,139931,Georgia Southern University Foundation Inc.,47376,2619.050252
594,106342,Lyon College,47063,66882.52013
595,168254,Western New England University,46391,13798.63177
596,129491,Hartford Seminary Foundation,46265,660928.5714
597,191676,Houghton College,45971,44488.06452
598,147369,Moody Bible Institute of Chicago,45265,14415.6051
599,232089,Ferrum College,45214,34287.66431
600,203085,Heidelberg University,44838,41274.62412
601,233277,Radford University Foundation Inc.,44784,4824.648975
602,240107,Viterbo University Inc.,44727,20675.03852
603,155511,McPherson College,44411,68080.22483
604,178059,Maryville University of St. Louis,44285,12310.50778
605,154101,Northwestern College (IA),44166,39717.6259
606,123572,Sonoma State University Academic Foundation,44020,5092.942538
607,115728,Holy Names University,43890,55910.82803
608,134945,Jacksonville University,43782,14963.08954
609,232681,University of Mary Washington,43653,10479.23502
610,214069,Misericordia University,43550,18357.45398
611,155089,Friends University,43134,29768.11594
612,161873,University of Baltimore Foundation,41950,9823.589103
613,110361,California Baptist University,41825,5768.169908
614,154004,Morningside College,41808,23239.57754
615,218964,Winthrop University Foundation,41692,7785.620915
616,115214,Graduate Theological Union,41654,220003.5211
617,173328,Concordia University St. Paul,41498,11775.82293
618,202763,University of Findlay,41138,10342.2442
619,136774,Ringling College of Art and Design Inc.,40961,33908.11258
620,214379,Northampton County Area Community College Foundation,40846,6297.88765
621,217907,Coker College,40554,38066.9587
622,199111,The University of North Carolina at Asheville,40499,11583.27772
623,202073,Cleveland Institute of Music,40331,94231.30841
624,139199,Brenau University,40161,19109.11975
625,173142,Bethany Lutheran College Inc,39786,79572
626,146728,Lutheran School of Theology at Chicago,39616,231221.7899
627,166018,Hampshire College,39606,28089.3617
628,110617,The Univeristy Foundation at Sacramento State,39568,1527.368177
629,173045,Augsburg College,39413,13647.16066
630,216010,Shippensburg University Foundation,39280,6167.05045
631,195234,The College of Saint Rose,39279,10997.38684
632,166391,Lasell College,39099,20091.98356
633,176965,University of Central Missouri Foundation,38954,3340.154915
634,214564,Salus University,38711,35943.36119
635,196149,SUNY Cortland - College Foundation,37626,5710.137596
636,199999,Winston-Salem State University and Foundation,37542,8231.089673
637,232706,Marymount University,37393,12997.21933
638,122506,San Francisco Conservatory of Music,37131,98840.28394
639,132471,Barry University Inc.,36572,5793.125297
640,204200,Mount St Joseph University,36217,23043.69035
641,240727,University of Wyoming,36204,3337.184293
642,176318,Rust College Inc.,35979,44127.96402
643,180106,Carroll College,35911,25165.38192
644,147013,McKendree University,35605,15335.96554
645,214166,Mount Aloysius College,35416,24645.78984
646,199272,William Peace University,35368,37759.4306
647,232672,Mary Baldwin University,35172,26889.90826
648,226091,Lamar University,34710,3498.874366
649,180416,Montana Tech Foundation,34080,17536.87822
650,163578,Notre Dame of Maryland University,33983,23501.38313
651,206941,University of Central Oklahoma Foundation,33959,2571.223058
652,219833,Christian Brothers University,33687,20975.71606
653,218724,Coastal Educational Foundation Inc.xvi,33448,3558.928888
654,112525,Western University of Health Sciences,33440,8781.512605
655,200156,University of Jamestown,33116,33918.7436
656,234155,Virginia State University,32512,7408.172566
657,161457,University of New England,32367,5068.960117
658,195128,The Sage Colleges,32264,14350.18532
659,193292,Molloy College,32189,8872.381477
660,179043,Rockhurst University,32180,14818.11205
661,243823,Parker University,31761,32777.08978
662,148496,Dominican University,31557,11051.94957
663,147536,National Louis University,31507,11611.91646
664,205470,Sinclair Community College Foundation,31364,3077.919529
665,189547,Broome Community College Foundation Inc.,31203,6475.442723
666,153825,Loras College,30343,20364.42953
667,215655,Robert Morris University,30128,6792.214624
668,213987,Mercyhurst University,30061,11315.3074
669,213826,Marywood University,30059,10794.46972
670,189848,Cazenovia College,29717,30138.94523
671,207324,Oklahoma Christian University,29552,12833.81587
672,147828,Olivet Nazarene University,29492,7246.191646
673,196158,Fredonia State Universtiy of New York,29301,6250.213311
674,196194,Oswego College Foundation Inc.,29275,3972.364196
675,110592,California State University Los Angeles,29211,1204.610436
676,163912,St. Mary's College of Maryland Foundation Inc.,28803,17006.29797
677,211981,Delaware Valley University,28348,14136.30319
678,240338,Wisconsin Lutheran College Inc.,28206,27051.79028
679,211158,Bloomsburg University Foundation,28052,3088.633611
680,211468,Cedar Crest College,27765,25700.40111
681,215099,Philadelphia University,27739,8744.955864
682,192749,Manhattanville College,27735,12194.78235
683,115755,Humboldt State Universtiy Advancement Foundation,27068,3249.979989
684,113193,Cuesta College Foundation,26866,4766.855926
685,139764,Georgia Southwestern Foundation Inc.,26693,12310.37663
686,180595,Rocky Mountain College,26467,26352.80451
687,154059,North Iowa Area Community College,26231,13793.68975
688,232937,Norfolk State University Foundation,25829,5802.096593
689,201654,The Cedarville University,25817,7680.583102
690,232043,Eastern Mennonite University,25816,18356.95662
691,130314,University of Saint Joseph,25789,14812.75129
692,153126,Clarke University,25640,26030.45685
693,198260,Central Piedmont Community College Foundation Inc.,25081,2265.127341
694,178624,Northwest Missouri State University,25009,4303.734297
695,127556,Colorado Mesa University Foundation,24561,3076.020706
696,154013,Mount Mercy University,24220,17787.0257
697,137476,St. Thomas University (FL),24158,7806.333477
698,238193,Alverno College,23855,13230.72657
699,110510,California State University San Bernardino Philanthropic Foundation,23298,1300.01488
700,187134,The College of New Jersey Foundation Inc.,23118,3329.84444
701,147031,Meadville Lombard Theological School,23069,308959.8214
702,213349,Kutztown University Foundation Inc.,22949,2733.433914
703,204617,Ohio Dominican University,22822,11715.60575
704,214883,Peirce College,22674,29345.12511
705,215266,Bradford Educational Foundation - University of Pittsburgh (Revised February 2017),22613,16461.78112
706,102234,Spring Hill College,22598,16379.31868
707,198066,Brevard College Corporation,22565,31354.79389
708,236896,Walla Walla University,22485,12765.89705
709,168430,Worcester State Foundation Inc.,22267,4487.505038
710,130493,Southern CT State University Foundation Inc.,22195,2576.12102
711,188340,Vaughn College of Aeronautics and Technology,22172,16666.49962
712,366711,California State University San Marcos Foundation,22009,1944.42972
713,110486,California State University Bakersfield Foundation,21629,2547.385364
714,197045,Utica College,21575,6645.959544
715,205203,University of Rio Grande,21548,12433.9296
716,217420,Rhode Island College Foundation Revised February 2017),21433,3204.694976
717,218885,Tri-County Technical College Foundation Inc.,21330,4910.974674
718,216764,West Chester University of Pennsylvania,20987,1435.466588
719,199281,University of North Carolina Pembroke,20435,3822.245776
720,238430,Cardinal Stritch University Inc.,20335,7692.938209
721,409698,California State University Monterey Bay,20217,3026.497006
722,153375,Grand View University,20083,11419.44655
723,169521,Delta College,20074,3727.762303
724,177144,Culver-Stockton College,20068,20394.30894
725,226231,LeTourneau University,20004,10945.10305
726,218821,Spartanburg Methodist College,19984,26122.87582
727,198543,Fayetteville State University,19705,3980.272017
727,,American University in Bulgaria,23943,
728,123943,Marshall B. Ketchum University,19680,42782.6087
729,149231,Southern Illinois University Edwardsville Foundation,19245,1574.834293
730,110501,California State University Office of the Chancellor,19184,
731,141486,Chaminade University of Honolulu,19080,9217.391304
732,199184,University of North Carolina School of the Arts,18590,19432.05575
733,238980,Lakeland University Foundation Inc.,18558,9731.515469
734,235097,Eastern Washington University Foundation,18483,1618.807112
735,196246,Plattsburgh College Foundation (SUNY Plattsburgh),18233,3407.612759
736,205443,Shawnee State University Development Foundation,18025,5254.591391
737,186201,Ramapo College of New Jersey,17411,3242.674447
738,208318,Central Oregon Community College Foundation,17326,4700.063297
739,110574,Cal State East Bay Educational Foundation,17043,1272.055531
740,202514,Defiance College,16849,26122.48062
741,165820,Fitchburg State University Foundation Inc,15700,3391.417051
742,170541,Kalamazoo Valley Community College,14730,2934.652676
743,161563,Thomas College,14404,13925.87818
744,139250,College of Coastal Georgia,14023,5956.250885
745,171456,Northern Michigan University,13628,1856.928737
746,220914,Mid-America Baptist Theological Seminary,13565,
747,172200,Schoolcraft College Foundation,13283,2215.926152
748,243577,Polytechnic University of Puerto Rico,13270,4656.684992
749,135160,The Foundation for Florida Gateway College Inc.,13168,8770.870337
750,192192,Keuka College,13063,7825.279553
750,,Auburn Theological Seminary,20423,
751,441937,California State University Channel Islands,12831,2323.474377
752,166133,Holyoke Community College Foundation Inc.,12287,3022.136591
753,155177,Hesston College,11873,31689.50178
754,182980,New England College,11642,4735.728814
755,110495,California State University Stanislaus,11638,1436.080948
756,167260,Nichols College,11343,9050.265957
757,183974,Centenary University,10728,5438.323758
758,167288,Massachusetts College of Liberal Arts Foundation Inc.,10303,7308.820052
759,219082,Dakota State University Foundation,10093,5205.260444
760,164872,Boston Architectural College,10083,14295.36862
761,137564,Southeastern University,9245,2434.175882
762,221908,Northeast State Community College,9056,2098.887515
763,110547,California State University Dominguez Hills Philanthropic Foundation,9009,770.3292005
764,170037,Cornerstone University,8432,4254.288597
765,232414,J. Sargeant Reynolds Community College Educational Foundation,8384,1471.996254
766,221643,Pellissippi State Community College Foundation,8251,1191.021508
767,218353,Midlands Technical College Foundation,8201,1176.726612
768,111188,The California Maritime Academy Foundation Inc,7114,6773.087909
769,231536,Blue Ridge Community College Educational Foundation Inc.,7111,2997.892074
770,183743,Bergen Community  College Foundation,5971,572.6845487
771,162706,Harford Community College,5880,1559.681698
772,123457,Simpson University,5869,5529.836683
773,144944,Elgin Community College Foundation,5383,946.2674323
774,119678,Naval Postgraduate School Foundation,5184,2755.980861
775,134495,Hillsborough Community College Foundation Inc.,5064,318.4705364
776,217776,Southern Wesleyan University,4960,2940.711462
777,228884,Texas College,3220,3950.920245
778,165264,Laboure' College,2588,8485.245902
778,,Virginia State University Foundation,13330,
779,233611,Southern Virginia University,1087,1512.523191
781,,Trinity Western University#,13211,
785,,West Chester University Foundation,12538,
792,,Five Colleges Inc,10644,
793,,Weber State University Foundation,10619,
